systemNumber,accessionNumber,objectType,_primaryTitle,_primaryImageId,_primaryDate,_primaryPlace,_warningTypes,_currentLocation.id,_currentLocation.displayName,_currentLocation.type,_currentLocation.site,_currentLocation.onDisplay,_primaryMaker.name,_primaryMaker.association,_images._primary_thumbnail,_images._iiif_image_base_url,_images._iiif_presentation_url,_images.imageResolution
O100989,IS.10-2004,Painting,,2007BM7330,March 1866,Simla,[],THES49620,In store,storage,VA,False,"Clint, R.",painter,"https://framemark.vam.ac.uk/collections/2007BM7330/full/!100,100/0/default.jpg",https://framemark.vam.ac.uk/collections/2007BM7330/,https://iiif.vam.ac.uk/collections/O100989/manifest.json,high
O102625,IS.32-2004,Painting,Woman by the sea,,1986,India,[],THES49620,In store,storage,VA,False,"Sheikh, Nilima",maker,,,,
O102614,IS.33-2004,Painting,Prakriti - 1,,1996,India,[],THES49620,In store,storage,VA,False,"Caur, Arpana",maker,,,,
O101731,S.52-2003,Painting,Caprice: The Moon-Dance,2017KC8065,1908-1909,Great Britain,[],THES49576,In store,storage,BH,False,"Philpot, Glyn Warren RA",painter,"https://framemark.vam.ac.uk/collections/2017KC8065/full/!100,100/0/default.jpg",https://framemark.vam.ac.uk/collections/2017KC8065/,https://iiif.vam.ac.uk/collections/O101731/manifest.json,high
O101728,S.51-2003,Painting,The Dance of the Sugar-Plum Fairy,2017KC8066,1908-1909,Great Britain,[],THES49576,In store,storage,BH,False,Glyn Warren Philpot,painter,"https://framemark.vam.ac.uk/collections/2017KC8066/full/!100,100/0/default.jpg",https://framemark.vam.ac.uk/collections/2017KC8066/,https://iiif.vam.ac.uk/collections/O101728/manifest.json,high
O101459,E.455-2003,Painting,A lady seated outside,2012FP7049,ca. 1860-1927,Great Britain,[],THES49654,"Prints & Drawings Study Room, level H",display,VA,True,"Fildes, Luke (Sir, KB, KCVO, RA)",artist,"https://framemark.vam.ac.uk/collections/2012FP7049/full/!100,100/0/default.jpg",https://framemark.vam.ac.uk/collections/2012FP7049/,https://iiif.vam.ac.uk/collections/O101459/manifest.json,high
O1160853,S.1417-2010,Painting,,2011EU6104,ca. late 20th century,Great Britain,[],THES49588,In store,storage,BH,False,"Ayers, Susan",artist,"https://framemark.vam.ac.uk/collections/2011EU6104/full/!100,100/0/default.jpg",https://framemark.vam.ac.uk/collections/2011EU6104/,,low
O1154621,FE.2-2010,painting,Tiger-taming arhat,2011EM6105,17th century-18th century,Beijing,[],THES49673,In store,storage,VA,False,Unknown,,"https://framemark.vam.ac.uk/collections/2011EM6105/full/!100,100/0/default.jpg",https://framemark.vam.ac.uk/collections/2011EM6105/,https://iiif.vam.ac.uk/collections/O1154621/manifest.json,high
O1160789,S.921-2010,Painting,George Speaight Punch & Judy Collection,2011ET7377,ca. 19th century,Great Britain,[],THES49576,In store,storage,BH,False,"Clayton Clarke, Joseph ('Kyd')",artist,"https://framemark.vam.ac.uk/collections/2011ET7377/full/!100,100/0/default.jpg",https://framemark.vam.ac.uk/collections/2011ET7377/,https://iiif.vam.ac.uk/collections/O1160789/manifest.json,high
O1266842,E.293-2013,Painting,The visit of Louis XIV to the Château de Juvisy,,c. 1700,Juvisy,[],THES49787,"Europe 1600-1815, Room 5, The Friends of the V&A Gallery",display,VA,True,Pierre-Denis Martin,,,,,
O1240508,S.874-2011,Painting,Imogen,2014GX5089,1922,Stratford-upon-Avon,[],THES49576,In store,storage,BH,False,"Watson, Eileen",artist,"https://framemark.vam.ac.uk/collections/2014GX5089/full/!100,100/0/default.jpg",https://framemark.vam.ac.uk/collections/2014GX5089/,,low
O1498729,S.288-2019,Painting,,2020MT2375,mid 20th century,London,[],THES49576,In store,storage,BH,False,"Beaumont, Cyril William OBE",artist,"https://framemark.vam.ac.uk/collections/2020MT2375/full/!100,100/0/default.jpg",https://framemark.vam.ac.uk/collections/2020MT2375/,,low
O1498728,S.287-2019,Painting,,2020MT2381,mid 20th century,London,[],THES49576,In store,storage,BH,False,"Beaumont, Cyril William OBE",artist,"https://framemark.vam.ac.uk/collections/2020MT2381/full/!100,100/0/default.jpg",https://framemark.vam.ac.uk/collections/2020MT2381/,,low
O1498727,S.286-2019,Painting,,2020MT2355,mid 20th century,London,[],THES49576,In store,storage,BH,False,"Beaumont, Cyril William OBE",artist,"https://framemark.vam.ac.uk/collections/2020MT2355/full/!100,100/0/default.jpg",https://framemark.vam.ac.uk/collections/2020MT2355/,,low
O1498726,S.285-2019,Painting,,2020MT2382,mid 20th century,London,[],THES49576,In store,storage,BH,False,"Beaumont, Cyril William OBE",artist,"https://framemark.vam.ac.uk/collections/2020MT2382/full/!100,100/0/default.jpg",https://framemark.vam.ac.uk/collections/2020MT2382/,,low
O1498725,S.284-2019,Painting,,2020MT2405,mid 20th century,London,[],THES49576,In store,storage,BH,False,"Beaumont, Cyril William OBE",artist,"https://framemark.vam.ac.uk/collections/2020MT2405/full/!100,100/0/default.jpg",https://framemark.vam.ac.uk/collections/2020MT2405/,,low
O205439,IS.169-2007,Painting,West view of Ramagiri,,1794,Mysore,[],THES49620,In store,storage,VA,False,"Ritso, John",artist,,,,
O138296,IS.233-2006,Painting,,2008BV3743,ca. 1750,Andhra Pradesh,[],THES49620,In store,storage,VA,False,Unknown,,"https://framemark.vam.ac.uk/collections/2008BV3743/full/!100,100/0/default.jpg",https://framemark.vam.ac.uk/collections/2008BV3743/,https://iiif.vam.ac.uk/collections/O138296/manifest.json,high
O1376456,"B.553:1, 2-2016",Painting,Kingdom,,2011,England,[],THES252785,In store,storage,MOC,False,"Bartlett, John",artist,,,,
O154648,IS.71-2006,Painting,Krishna as Srinathji,2013GT1611,late 19th century,Nathadwara,[],THES49620,In store,storage,VA,False,Unknown,,"https://framemark.vam.ac.uk/collections/2013GT1611/full/!100,100/0/default.jpg",https://framemark.vam.ac.uk/collections/2013GT1611/,https://iiif.vam.ac.uk/collections/O154648/manifest.json,high
O154643,IS.33-2006,Painting,Vishnu as Vishvarupa (cosmic or universal man),2013GJ0517,ca. 1800-1820,Jaipur,[],THES49620,In store,storage,VA,False,Unknown,,"https://framemark.vam.ac.uk/collections/2013GJ0517/full/!100,100/0/default.jpg",https://framemark.vam.ac.uk/collections/2013GJ0517/,https://iiif.vam.ac.uk/collections/O154643/manifest.json,high
O1370538,S.664-2016,Painting ,"10am Saturday morning already too hot, Glastonbury Tent City ",2017KE5877,2010,Glastonbury,[],THES49927,"Theatre & Performance, Room 104",display,VA,True,"Jackson, Kurt",artist,"https://framemark.vam.ac.uk/collections/2017KE5877/full/!100,100/0/default.jpg",https://framemark.vam.ac.uk/collections/2017KE5877/,,low
O1375345,FE.15-2018,Painting,,,,,[],,,,,False,,,,,,
O1177146,FE.7-2010,Painting,Cat,2016JR2064,1819,China,[],THES49802,"China, Room 44, The T.T. Tsui Gallery",Display,VA,True,Ji Biao,made,"https://framemark.vam.ac.uk/collections/2016JR2064/full/!100,100/0/default.jpg",https://framemark.vam.ac.uk/collections/2016JR2064/,https://iiif.vam.ac.uk/collections/O1177146/manifest.json,high
O1460415,S.231-2018,Painting,Portrait of Sir Willard White,2018LC0394,1990,London,[],THES49576,In store,storage,BH,False,June Crisfield Chapman,artist,"https://framemark.vam.ac.uk/collections/2018LC0394/full/!100,100/0/default.jpg",https://framemark.vam.ac.uk/collections/2018LC0394/,,low
O1460722,S.232-2018,Painting,Portrait of Beryl Reid,2018LC0402,1991,London,[],THES49576,In store,storage,BH,False,June Crisfield Chapman,artist,"https://framemark.vam.ac.uk/collections/2018LC0402/full/!100,100/0/default.jpg",https://framemark.vam.ac.uk/collections/2018LC0402/,,low
O1386220,IS.11-2018,Painting,,2020MU5180,,,[],THES49793,"Buddhism, Room 47f, The Robert H. N. Ho Family Foundation Galleries of Buddhist Art",Display,VA,True,,,"https://framemark.vam.ac.uk/collections/2020MU5180/full/!100,100/0/default.jpg",https://framemark.vam.ac.uk/collections/2020MU5180/,https://iiif.vam.ac.uk/collections/O1386220/manifest.json,high
O1223055,S.325-2011,Painting,Henry Irving as Dubosc,2014GW6464,ca. 1894,Great Britain,[],THES49576,In store,storage,BH,False,"Partridge, John Bernard (Sir RI)",artist,"https://framemark.vam.ac.uk/collections/2014GW6464/full/!100,100/0/default.jpg",https://framemark.vam.ac.uk/collections/2014GW6464/,https://iiif.vam.ac.uk/collections/O1223055/manifest.json,high
O1223053,S.323-2011,Painting,Henry Irving as Hamlet,2014GW6463,ca. 1878,Great Britain,[],THES49576,In store,storage,BH,False,"Partridge, John Bernard (Sir RI)",artist,"https://framemark.vam.ac.uk/collections/2014GW6463/full/!100,100/0/default.jpg",https://framemark.vam.ac.uk/collections/2014GW6463/,https://iiif.vam.ac.uk/collections/O1223053/manifest.json,high
O1223043,S.321-2011,Painting,Henry Irving as Mephistopheles,2014GW6468,ca.1885,Great Britain,[],THES49576,In store,storage,BH,False,John Bernard Partridge,artist,"https://framemark.vam.ac.uk/collections/2014GW6468/full/!100,100/0/default.jpg",https://framemark.vam.ac.uk/collections/2014GW6468/,https://iiif.vam.ac.uk/collections/O1223043/manifest.json,high
O1223040,S.320-2011,Painting,Henry Irving portrait,2014GW6461,ca.1878,Great Britain,[],THES49576,In store,storage,BH,False,John Bernard Partridge,artist,"https://framemark.vam.ac.uk/collections/2014GW6461/full/!100,100/0/default.jpg",https://framemark.vam.ac.uk/collections/2014GW6461/,https://iiif.vam.ac.uk/collections/O1223040/manifest.json,high
O1375242,S.311-2016,Painting,Gwen Ffrangcon-Davies as Etain,2017JT2842,early 20th century,Great Britain,[],THES49576,In store,storage,BH,False,"Grahame, Jean",artist,"https://framemark.vam.ac.uk/collections/2017JT2842/full/!100,100/0/default.jpg",https://framemark.vam.ac.uk/collections/2017JT2842/,,low
O1243838,S.395-2011,Painting,,2013GT1283,1892,London,[],THES49576,In store,storage,BH,False,Amedée Forestier,painter,"https://framemark.vam.ac.uk/collections/2013GT1283/full/!100,100/0/default.jpg",https://framemark.vam.ac.uk/collections/2013GT1283/,https://iiif.vam.ac.uk/collections/O1243838/manifest.json,high
O1351565,IS.75-2016,Painting,The Trio,,1962,London,[],THES49620,In store,storage,VA,False,Lancelot Ribeiro,made,,,,
O1351564,IS.74-2016,Painting,,,1975,London,[],THES49620,In store,storage,VA,False,Lancelot Ribeiro,made,,,,
O1351562,IS.73-2016,Painting,,,1987,London,[],THES49620,In store,storage,VA,False,Lancelot Ribeiro,made,,,,
O1275214,S.3211-2013,Painting,,2014GX5104,,,[],THES49576,In store,storage,BH,False,"Le Conte, John",painted,"https://framemark.vam.ac.uk/collections/2014GX5104/full/!100,100/0/default.jpg",https://framemark.vam.ac.uk/collections/2014GX5104/,https://iiif.vam.ac.uk/collections/O1275214/manifest.json,high
O1157013,S.5487-2009,Painting,Harry Beard Print Collection,2010EJ4148,probably before 20th century,Great Britain,[],THES49576,In store,storage,BH,False,"Kempe, A. J.",artist,"https://framemark.vam.ac.uk/collections/2010EJ4148/full/!100,100/0/default.jpg",https://framemark.vam.ac.uk/collections/2010EJ4148/,https://iiif.vam.ac.uk/collections/O1157013/manifest.json,high
O1157010,S.5489-2009,Painting,Harry Beard Print Collection,2010EJ4121,1818,Great Britain,[],THES49576,In store,storage,BH,False,Unknown,artist,"https://framemark.vam.ac.uk/collections/2010EJ4121/full/!100,100/0/default.jpg",https://framemark.vam.ac.uk/collections/2010EJ4121/,https://iiif.vam.ac.uk/collections/O1157010/manifest.json,high
O1157007,S.5490-2009,Painting,Harry Beard Print Collection,2010EJ4137,probably before 20th century,Europe,[],THES49576,In store,storage,BH,False,Unknown,artist,"https://framemark.vam.ac.uk/collections/2010EJ4137/full/!100,100/0/default.jpg",https://framemark.vam.ac.uk/collections/2010EJ4137/,https://iiif.vam.ac.uk/collections/O1157007/manifest.json,high
O1156934,S.5479-2009,Painting,Harry Beard Print Collection,2010EJ4090,18th century,Great Britain,[],THES49576,In store,storage,BH,False,"Walker, W.",artist,"https://framemark.vam.ac.uk/collections/2010EJ4090/full/!100,100/0/default.jpg",https://framemark.vam.ac.uk/collections/2010EJ4090/,https://iiif.vam.ac.uk/collections/O1156934/manifest.json,high
O1262354,E.539-2015,Painting,View of Florence from the South West,2017KN0136,ca.1495,Florence,[],THES49735,"Medieval & Renaissance, Room 64, The Wolfson Gallery",Display,VA,True,"Rosselli, Francesco",artist,"https://framemark.vam.ac.uk/collections/2017KN0136/full/!100,100/0/default.jpg",https://framemark.vam.ac.uk/collections/2017KN0136/,https://iiif.vam.ac.uk/collections/O1262354/manifest.json,high
O1264444,B.167-2013,Painting,Nurse et bebe - Le tetine,,1910 to 1930,France,[],THES49569,In store,storage,VA,False,"How, Beatrice",Artist,,,,
O81253,IS.6-2003,Painting,View of the Qutb Minar in Delhi,,ca. 1870,India,[],THES49352,In store,storage,BH,False,Unknown,,,,,
O81252,IS.5-2003,Painting,View of the Diwan-i  Khas  (Hall  of  Private  Audience) at Fatehpur Sikri,,ca. 1870,India,[],THES49352,In store,storage,BH,False,Unknown,,,,,
O81249,IS.4-2003,Painting,Salim Chisti's tomb at Fatehpur Sikri,,ca. 1870,India,[],THES49360,In store,storage,BH,False,Unknown,,,,,
O182525,S.220-2009,Painting,H Beard Print Collection,2009CR8139,,,[],THES49576,In store,storage,BH,False,"Wigstead, Henry",artist,"https://framemark.vam.ac.uk/collections/2009CR8139/full/!100,100/0/default.jpg",https://framemark.vam.ac.uk/collections/2009CR8139/,https://iiif.vam.ac.uk/collections/O182525/manifest.json,high
O1268907,S.3212-2013,Painting,,2017JX8912,,,[],THES49576,In store,storage,BH,False,,,"https://framemark.vam.ac.uk/collections/2017JX8912/full/!100,100/0/default.jpg",https://framemark.vam.ac.uk/collections/2017JX8912/,https://iiif.vam.ac.uk/collections/O1268907/manifest.json,high
O1174398,S.1303-2010,Painting,,2017KE2763,1993,,[],THES49576,In store,storage,BH,False,"Newley, Sacha",artist,"https://framemark.vam.ac.uk/collections/2017KE2763/full/!100,100/0/default.jpg",https://framemark.vam.ac.uk/collections/2017KE2763/,,low
O1135679,IS.44-2005,Painting,,,early 19th century,Bangkok,[],THES49620,In store,storage,VA,False,Unknown,,,,,
O1135676,IS.43-2005,Painting,,,early 19th century,Bangkok,[],THES49793,"Buddhism, Room 47f, The Robert H. N. Ho Family Foundation Galleries of Buddhist Art",Display,VA,True,Unknown,,,,,
O1135671,IS.42-2005,Painting,,,early 19th century,Bangkok,[],THES49620,In store,storage,VA,False,Unknown,,,,,
O1135669,IS.41-2005,Painting,,,early 19th century,Bangkok,[],THES49793,"Buddhism, Room 47f, The Robert H. N. Ho Family Foundation Galleries of Buddhist Art",Display,VA,True,Unknown,,,,,
O1135668,IS.40-2005,Painting,,,early 19th century,Bangkok,[],THES49793,"Buddhism, Room 47f, The Robert H. N. Ho Family Foundation Galleries of Buddhist Art",Display,VA,True,Unknown,,,,,
O1135666,IS.39-2005,Painting,,,early 19th century,Bangkok,[],THES49797,"South-East Asia, Room 47a",display,VA,True,Unknown,,,,,
O156800,LOAN:GILBERT.71-2008,Painting,Sir John Leman,2009BW6865,ca. 1632,London,[],THES269564,"On display at Fishmonger's Hall, London",display,London,True,Unknown,,"https://framemark.vam.ac.uk/collections/2009BW6865/full/!100,100/0/default.jpg",https://framemark.vam.ac.uk/collections/2009BW6865/,,low
O1279081,S.115-2013,Painting,Cricket on the Hearth,2017KJ5977,1943,,[],THES49576,In store,storage,BH,False,"Heckroth, Heinrich",painter,"https://framemark.vam.ac.uk/collections/2017KJ5977/full/!100,100/0/default.jpg",https://framemark.vam.ac.uk/collections/2017KJ5977/,,low
O1507452,E.837-2019,Painting,Portrait of James Adam,,1763,Rome,[],THES49229,"British Galleries, Room 118, The Wolfson Gallery",Display,VA,True,Antonio Zucchi,,,,,
O1271139,S.1234-2014,painting,Jill Bennett,2017KK1849,ca.1950-1960,Great Britain,[],THES49576,In store,storage,BH,False,Rosoman,artist,"https://framemark.vam.ac.uk/collections/2017KK1849/full/!100,100/0/default.jpg",https://framemark.vam.ac.uk/collections/2017KK1849/,,low
O1459790,S.134-2018,painting,"Zippos Big Top and circus ground, Hove Lawns, 2016",2018LG0435,2016,Hove,[],THES49576,In store,storage,BH,False,"Tappenden, Curtis",artist,"https://framemark.vam.ac.uk/collections/2018LG0435/full/!100,100/0/default.jpg",https://framemark.vam.ac.uk/collections/2018LG0435/,https://iiif.vam.ac.uk/collections/O1459790/manifest.json,high
O1459789,S.133-2018,painting,"Zippos Big Top and circus ground with wagons, Hove Lawns, 2016",2018KR9937,2016,Hove,[],THES49576,In store,storage,BH,False,"Tappenden, Curtis",artist,"https://framemark.vam.ac.uk/collections/2018KR9937/full/!100,100/0/default.jpg",https://framemark.vam.ac.uk/collections/2018KR9937/,https://iiif.vam.ac.uk/collections/O1459789/manifest.json,high
O164983,IS.8-2008,Painting,Untitled,2008BU3033,2007,Pakistan,[],THES49620,In store,storage,VA,False,"Ali, Khadim",artist,"https://framemark.vam.ac.uk/collections/2008BU3033/full/!100,100/0/default.jpg",https://framemark.vam.ac.uk/collections/2008BU3033/,https://iiif.vam.ac.uk/collections/O164983/manifest.json,high
O155018,FE.431-2007,Painting,Untitled,,2001,Canada,[],THES49619,In store,storage,VA,False,"Chan, Ky-Yut",maker,,,,
O155101,IS.38-2006,Painting,Krishna adorning the hair of a holy man,2013GN4097,early 19th century,Jaipur,[],THES49620,In store,storage,VA,False,Unknown,,"https://framemark.vam.ac.uk/collections/2013GN4097/full/!100,100/0/default.jpg",https://framemark.vam.ac.uk/collections/2013GN4097/,https://iiif.vam.ac.uk/collections/O155101/manifest.json,high
O155100,IS.37-2006,Painting,Holy man and pupil on a terrace,2013GN4099,early 19th century,Jaipur,[],THES49620,In store,storage,VA,False,Unknown,,"https://framemark.vam.ac.uk/collections/2013GN4099/full/!100,100/0/default.jpg",https://framemark.vam.ac.uk/collections/2013GN4099/,https://iiif.vam.ac.uk/collections/O155100/manifest.json,high
O155099,IS.36-2006,Painting,Holy man seated on a gazelle skin,2013GN4100,early 19th century,Jaipur,[],THES49620,In store,storage,VA,False,Unknown,,"https://framemark.vam.ac.uk/collections/2013GN4100/full/!100,100/0/default.jpg",https://framemark.vam.ac.uk/collections/2013GN4100/,https://iiif.vam.ac.uk/collections/O155099/manifest.json,high
O155098,IS.35-2006,Painting,Holy man and pupil,2013GN4102,early 19th century,Jaipur,[],THES49620,In store,storage,VA,False,Unknown,,"https://framemark.vam.ac.uk/collections/2013GN4102/full/!100,100/0/default.jpg",https://framemark.vam.ac.uk/collections/2013GN4102/,https://iiif.vam.ac.uk/collections/O155098/manifest.json,high
O155097,IS.34-2006,Painting,Gajendramoksha,2013GN4177,early 19th century,Jaipur,[],THES49620,In store,storage,VA,False,Unknown,,"https://framemark.vam.ac.uk/collections/2013GN4177/full/!100,100/0/default.jpg",https://framemark.vam.ac.uk/collections/2013GN4177/,https://iiif.vam.ac.uk/collections/O155097/manifest.json,high
O155095,IS.73-2006,Painting,Maharaja Dhiraj Singh of Raghogarh on a caparisoned horse,2013GB1298,ca. 1720,Rajasthan,[],THES49620,In store,storage,VA,False,Unknown,,"https://framemark.vam.ac.uk/collections/2013GB1298/full/!100,100/0/default.jpg",https://framemark.vam.ac.uk/collections/2013GB1298/,https://iiif.vam.ac.uk/collections/O155095/manifest.json,high
O155094,IS.72-2006,Painting,An Antelope hunt,2013GB1602,18th century,Rajasthan,[],THES49620,In store,storage,VA,False,Unknown,,"https://framemark.vam.ac.uk/collections/2013GB1602/full/!100,100/0/default.jpg",https://framemark.vam.ac.uk/collections/2013GB1602/,https://iiif.vam.ac.uk/collections/O155094/manifest.json,high
O155093,IS.70-2006,Painting,Kedara ragini,2013GB1637,18th century,Bundi,[],THES49620,In store,storage,VA,False,Unknown,,"https://framemark.vam.ac.uk/collections/2013GB1637/full/!100,100/0/default.jpg",https://framemark.vam.ac.uk/collections/2013GB1637/,https://iiif.vam.ac.uk/collections/O155093/manifest.json,high
O155092,IS.69-2006,Painting,A Caparisoned horse,2013GB1795,late 18th century,Rajasthan,[],THES49620,In store,storage,VA,False,Unknown,,"https://framemark.vam.ac.uk/collections/2013GB1795/full/!100,100/0/default.jpg",https://framemark.vam.ac.uk/collections/2013GB1795/,https://iiif.vam.ac.uk/collections/O155092/manifest.json,high
O155088,IS.68-2006,Painting,Lady smoking a huqqa,2013GB1614,18th century,Rajasthan,[],THES49620,In store,storage,VA,False,Unknown,,"https://framemark.vam.ac.uk/collections/2013GB1614/full/!100,100/0/default.jpg",https://framemark.vam.ac.uk/collections/2013GB1614/,https://iiif.vam.ac.uk/collections/O155088/manifest.json,high
O155087,IS.67-2006,Painting,Nawam Mir Qasim Ali watching dancers,2013GD6882,ca. 1770,Murshidabad,[],THES49620,In store,storage,VA,False,Unknown,,"https://framemark.vam.ac.uk/collections/2013GD6882/full/!100,100/0/default.jpg",https://framemark.vam.ac.uk/collections/2013GD6882/,https://iiif.vam.ac.uk/collections/O155087/manifest.json,high
O155086,IS.66-2006,Painting,Equestrian portrait with angels,2013GB1762,early 19th century,Jodhpur,[],THES49620,In store,storage,VA,False,Unknown,,"https://framemark.vam.ac.uk/collections/2013GB1762/full/!100,100/0/default.jpg",https://framemark.vam.ac.uk/collections/2013GB1762/,https://iiif.vam.ac.uk/collections/O155086/manifest.json,high
O155085,IS.65-2006,Painting,View of the Srinathji temple at Nathadwara,2013GB1299,early 19th century,Nathadwara,[],THES49620,In store,storage,VA,False,Unknown,,"https://framemark.vam.ac.uk/collections/2013GB1299/full/!100,100/0/default.jpg",https://framemark.vam.ac.uk/collections/2013GB1299/,https://iiif.vam.ac.uk/collections/O155085/manifest.json,high
O101937,FE.55-2003,Painting,,,ca.1870-ca.1919,China,[],THES49619,In store,storage,VA,False,Unknown,,,,,
O166139,IS.168-2007,Painting,Panoramic view of Thana creek,2013GL0924,ca. 1791,India,[],THES49620,In store,storage,VA,False,"Wales, James",artist,"https://framemark.vam.ac.uk/collections/2013GL0924/full/!100,100/0/default.jpg",https://framemark.vam.ac.uk/collections/2013GL0924/,https://iiif.vam.ac.uk/collections/O166139/manifest.json,high
O1373164,E.2887-2016,Painting,Portrait of Samuel Pasfield as a Child wearing the Pasfield Jewel,2019MK4399,c.1661,England,[],THES49242,"British Galleries, Room 56, The Djanogly Gallery",Display,VA,True,,,"https://framemark.vam.ac.uk/collections/2019MK4399/full/!100,100/0/default.jpg",https://framemark.vam.ac.uk/collections/2019MK4399/,https://iiif.vam.ac.uk/collections/O1373164/manifest.json,high
O1518083,S.872-2019,painting,,,,,[],THES49588,In store,storage,BH,False,,,,,,
O1518074,S.871-2019,Painting,"""Desire"" by David Lan",,,Great Britain,[],THES49588,In store,storage,BH,False,,,,,,
O1430780,S.25-2018,Painting,"Jim Anderson, Richard Neville and Felix Dennis: The OZ Three, Free ! ",2018LD4041,1996,London,[],THES49576,In store,storage,BH,False,Caroline Coon,artist,"https://framemark.vam.ac.uk/collections/2018LD4041/full/!100,100/0/default.jpg",https://framemark.vam.ac.uk/collections/2018LD4041/,,low
O1484421,S.462-2018,Painting,The Sleeping Beauty,,1968,London,[],THES49576,In store,storage,BH,False,"De Nobili, Lila",designers,,,,
O61803,IS.76-2001,Painting,,2008BV3756,1670,Mysore,[],THES49810,"South Asia, Room 41",display,VA,True,Unknown,,"https://framemark.vam.ac.uk/collections/2008BV3756/full/!100,100/0/default.jpg",https://framemark.vam.ac.uk/collections/2008BV3756/,https://iiif.vam.ac.uk/collections/O61803/manifest.json,high
O61750,IS.68-2001,Painting,Emperor Jahangir ,,ca. 1620 - ca. 1630,Bikaner,[],THES49570,In store,storage,VA,False,Unknown,,,,,
O81785,IS.7:1-2003,Painting,Landscape,2006BA0664,2001,Lahore,[],THES49620,In store,storage,VA,False,"Qureshi, Imran",maker,"https://framemark.vam.ac.uk/collections/2006BA0664/full/!100,100/0/default.jpg",https://framemark.vam.ac.uk/collections/2006BA0664/,,low
O130933,E.371-2006,Painting,St Jerome in the desert,2007BP4266,ca. 1490,Florence,[],THES50076,"On display at Longleat House, Wiltshire ",display,UK,True,"Granacci, Francesco",painter,"https://framemark.vam.ac.uk/collections/2007BP4266/full/!100,100/0/default.jpg",https://framemark.vam.ac.uk/collections/2007BP4266/,https://iiif.vam.ac.uk/collections/O130933/manifest.json,high
O392318,IS.50-2004,Painting,Midnight Sun,,2003,Jaipur,[],THES49570,In store,storage,VA,False,"Gorlizki, Alexander",maker,,,,
O115648,IS.46-2005,Painting,,,early 19th century,Bangkok,[],THES49352,In store,storage,BH,False,Unknown,,,,,
O115647,IS.45-2005,Painting,,,early 19th century,Bangkok,[],THES49352,In store,storage,BH,False,Unknown,,,,,
O115645,IS 38-2005,Painting,,,early 19th century,Bangkok,[],THES49793,"Buddhism, Room 47f, The Robert H. N. Ho Family Foundation Galleries of Buddhist Art",Display,VA,True,Unknown,,,,,
O1463728,S.519-2018,Painting,Joan Miller,2018LD9320,mid 20th century,Great Britain,[],THES49576,In store,storage,BH,False,"Ghilchik, David",artist,"https://framemark.vam.ac.uk/collections/2018LD9320/full/!100,100/0/default.jpg",https://framemark.vam.ac.uk/collections/2018LD9320/,,low
O1463667,S.518-2018,Painting,,2018LD9359,,,[],THES49576,In store,storage,BH,False,,,"https://framemark.vam.ac.uk/collections/2018LD9359/full/!100,100/0/default.jpg",https://framemark.vam.ac.uk/collections/2018LD9359/,,low
O1463355,S.240-2018,Painting,,2018LE0415,,,[],THES49576,In store,storage,BH,False,,,"https://framemark.vam.ac.uk/collections/2018LE0415/full/!100,100/0/default.jpg",https://framemark.vam.ac.uk/collections/2018LE0415/,,low
O1461958,S.237-2018,Painting,Joan Miller,2018LD0722,1953,Great Britain,[],THES49576,In store,storage,BH,False,"Proudfoot, James",artist,"https://framemark.vam.ac.uk/collections/2018LD0722/full/!100,100/0/default.jpg",https://framemark.vam.ac.uk/collections/2018LD0722/,,low
O1458419,S.229-2018,Painting,Stage property painting for <i>Letter from Paris</i> by Dodie Smith,2018KY7419,1952,Great Britain,[],THES49576,In store,storage,BH,False,Oliver Messel,painter (artist),"https://framemark.vam.ac.uk/collections/2018KY7419/full/!100,100/0/default.jpg",https://framemark.vam.ac.uk/collections/2018KY7419/,,low
O1458347,PROV.1407-2018,Painting,,,,,[],,,,,False,,,,,,
O184478,S.1186-2009,Painting,H Beard Print Collection,2009CR9043,,,[],THES49576,In store,storage,BH,False,"Nuicci, R.",artist,"https://framemark.vam.ac.uk/collections/2009CR9043/full/!100,100/0/default.jpg",https://framemark.vam.ac.uk/collections/2009CR9043/,https://iiif.vam.ac.uk/collections/O184478/manifest.json,high
O1430989,S.929-2017,Painting,The OZ Trials,,ca.1971,London,[],THES49576,In store,storage,BH,False,Feliks Topolski,artist,,,,
O1154061,S.5248-2009,Painting,H Beard Print Collection,2010EJ1489,ca. mid 19th century,Great Britain,[],THES49576,In store,storage,BH,False,Unknown,artist,"https://framemark.vam.ac.uk/collections/2010EJ1489/full/!100,100/0/default.jpg",https://framemark.vam.ac.uk/collections/2010EJ1489/,https://iiif.vam.ac.uk/collections/O1154061/manifest.json,high
O1257739,E.63-2013,painting,John Lennon Remembered,2014GX3503,1988,New York (City),[],THES49657,"Prints & Drawings Study Room, level E",display,VA,True,Barbara Nessim,artist,"https://framemark.vam.ac.uk/collections/2014GX3503/full/!100,100/0/default.jpg",https://framemark.vam.ac.uk/collections/2014GX3503/,,low
O133698,IS.64-2006,Painting,Durga Puja,,2006,Calcutta,[],THES49619,In store,storage,VA,False,"Basu, Arpita",artist,,,,
O1532649,S.151-2020,Painting,By the Love Which Moves the Sun and Other Stars,2021MU6976,2019,Great Britain,[],THES49576,In store,storage,BH,False,"Gifford, Nell",artist,"https://framemark.vam.ac.uk/collections/2021MU6976/full/!100,100/0/default.jpg",https://framemark.vam.ac.uk/collections/2021MU6976/,,low
O1464400,S.521-2018,Painting,,2018LE9935,,,[],THES49576,In store,storage,BH,False,,,"https://framemark.vam.ac.uk/collections/2018LE9935/full/!100,100/0/default.jpg",https://framemark.vam.ac.uk/collections/2018LE9935/,,low
O1304834,S.1728-2014,Painting,Geraint Evans as Falstaff,2017KF6157,1968,London,[],THES49576,In store,storage,BH,False,"Blatas, Arbit",artist,"https://framemark.vam.ac.uk/collections/2017KF6157/full/!100,100/0/default.jpg",https://framemark.vam.ac.uk/collections/2017KF6157/,,low
O1301743,S.1693-2014,Painting,John Gay,2017KE5786,ca. 1720,Great Britain,[],THES49576,In store,storage,BH,False,unknown,artist,"https://framemark.vam.ac.uk/collections/2017KE5786/full/!100,100/0/default.jpg",https://framemark.vam.ac.uk/collections/2017KE5786/,https://iiif.vam.ac.uk/collections/O1301743/manifest.json,high
O1301730,S.1691-2014,Painting,Jenny Lind in Donizetti's opera  La Fille du Regiment ,2015HP6906,ca.1850,Great Britain,[],THES49923,"Theatre & Performance, Room 106",display,VA,True,unknown,artist,"https://framemark.vam.ac.uk/collections/2015HP6906/full/!100,100/0/default.jpg",https://framemark.vam.ac.uk/collections/2015HP6906/,https://iiif.vam.ac.uk/collections/O1301730/manifest.json,high
O1301689,S.1690-2014,Painting,First Tenor.  A Grey Horse. By Tom Bowling -  Sally in Our Alley,2014HH0320,ca.1880,London,[],THES49576,In store,storage,BH,False,Nap,drawn,"https://framemark.vam.ac.uk/collections/2014HH0320/full/!100,100/0/default.jpg",https://framemark.vam.ac.uk/collections/2014HH0320/,https://iiif.vam.ac.uk/collections/O1301689/manifest.json,high
O1243831,S.390-2011,Painting,,2013GT0975,1901,London,[],THES49576,In store,storage,BH,False,Allan Stewart,painter,"https://framemark.vam.ac.uk/collections/2013GT0975/full/!100,100/0/default.jpg",https://framemark.vam.ac.uk/collections/2013GT0975/,https://iiif.vam.ac.uk/collections/O1243831/manifest.json,high
O1305439,S.1733-2014,Painting,Angela Gheorghiu,2016JE0877,late 2000s,Great Britain,[],THES49576,In store,storage,BH,False,"Sutton, Linda",artist,"https://framemark.vam.ac.uk/collections/2016JE0877/full/!100,100/0/default.jpg",https://framemark.vam.ac.uk/collections/2016JE0877/,,low
O1302743,S.2284-2014,Painting,Drawing,2014HJ1192,ca.1959,Great Britain,[],THES49576,In store,storage,BH,False,"Beaton, Cecil",artist,"https://framemark.vam.ac.uk/collections/2014HJ1192/full/!100,100/0/default.jpg",https://framemark.vam.ac.uk/collections/2014HJ1192/,,low
O1302735,S.2283-2014,Painting,Drawing,2014HJ1170,ca.1959,Great Britain,[],THES49576,In store,storage,BH,False,"Beaton, Cecil",artist,"https://framemark.vam.ac.uk/collections/2014HJ1170/full/!100,100/0/default.jpg",https://framemark.vam.ac.uk/collections/2014HJ1170/,,low
O167156,LOAN:GILBERT.1070-2008,Painting,,2018LG3489,1998,Los Angeles,[],THES50153,In store,storage,BH,False,"Lu, Peter Edward",painter,"https://framemark.vam.ac.uk/collections/2018LG3489/full/!100,100/0/default.jpg",https://framemark.vam.ac.uk/collections/2018LG3489/,,low
O167155,LOAN:GILBERT.1069-2008,Painting,,2018LG3488,1998,Los Angeles,[],THES50153,In store,storage,BH,False,"Lu, Peter Edward",painter,"https://framemark.vam.ac.uk/collections/2018LG3488/full/!100,100/0/default.jpg",https://framemark.vam.ac.uk/collections/2018LG3488/,,low
O1305003,S.82-2015,painting,,2015HP4279,,,[],THES49576,In store,storage,BH,False,,,"https://framemark.vam.ac.uk/collections/2015HP4279/full/!100,100/0/default.jpg",https://framemark.vam.ac.uk/collections/2015HP4279/,https://iiif.vam.ac.uk/collections/O1305003/manifest.json,high
O1305002,S.81-2015,Painting,Performance by the Commedia dell'Arte Company I Comici Gelosi,2015HP4287,ca.1590,,[],THES49576,In store,storage,BH,False,,,"https://framemark.vam.ac.uk/collections/2015HP4287/full/!100,100/0/default.jpg",https://framemark.vam.ac.uk/collections/2015HP4287/,https://iiif.vam.ac.uk/collections/O1305002/manifest.json,high
O128649,S.505-2006,Painting,<i>A Musical Party</i>,2014GX5077,ca.1800,Great Britain,[],THES49576,In store,storage,BH,False,"Wright, John Masey",artist,"https://framemark.vam.ac.uk/collections/2014GX5077/full/!100,100/0/default.jpg",https://framemark.vam.ac.uk/collections/2014GX5077/,https://iiif.vam.ac.uk/collections/O128649/manifest.json,high
O128646,S.504-2006,Painting,<i>A Country Fair</i>,2014GX5079,ca.1800,Great Britain,[],THES49576,In store,storage,BH,False,"Elwood, J",artist,"https://framemark.vam.ac.uk/collections/2014GX5079/full/!100,100/0/default.jpg",https://framemark.vam.ac.uk/collections/2014GX5079/,https://iiif.vam.ac.uk/collections/O128646/manifest.json,high
O1153693,S.3845-2009,Painting,H Beard Print Collection,2010EJ3952,ca. 18th century,Great Britain,[],THES49576,In store,storage,BH,False,"Lawrence, Thomas (Sir, PRA)",painter,"https://framemark.vam.ac.uk/collections/2010EJ3952/full/!100,100/0/default.jpg",https://framemark.vam.ac.uk/collections/2010EJ3952/,https://iiif.vam.ac.uk/collections/O1153693/manifest.json,high
O147184,B.2-2007,Painting,The Maths Lesson,2008BU0067,1840-1850,England,[],THES49646,In store,storage,VA,False,Unknown,,"https://framemark.vam.ac.uk/collections/2008BU0067/full/!100,100/0/default.jpg",https://framemark.vam.ac.uk/collections/2008BU0067/,https://iiif.vam.ac.uk/collections/O147184/manifest.json,high
O1261003,LOAN:NATIONAL GALLERY.423-2009,painting,,,,,[],THES49780,"Medieval & Renaissance, Room 50b, The Paul and Jill Ruddock Gallery",Display,VA,True,,,,,,
O132493,IS.4-2007,Painting,Mother and child,2008BV3755,ca. 1815,Mewar,[],THES49620,In store,storage,VA,False,Chokha,designer and maker,"https://framemark.vam.ac.uk/collections/2008BV3755/full/!100,100/0/default.jpg",https://framemark.vam.ac.uk/collections/2008BV3755/,https://iiif.vam.ac.uk/collections/O132493/manifest.json,high
O1464987,S.525-2018,Painting,,2018LE9585,,,[],THES49576,In store,storage,BH,False,"Barnard, Ken",artist,"https://framemark.vam.ac.uk/collections/2018LE9585/full/!100,100/0/default.jpg",https://framemark.vam.ac.uk/collections/2018LE9585/,,low
O1256811,IS.32-2012,Painting,Shatrunjaya pata,,ca. 1870-1900,Gujarat,[],THES50141,In store,storage,BH,False,Unknown,,,,,
O238387,IS.33-2008,Painting,Portrait of Julia Eumorfopoulos,,ca. 1900,Great Britain,[],THES49619,In store,storage,VA,False,"Watts, George Frederick (OM, RA)",maker,,,,
O238384,IS.32-2008,Painting,Portrait of George Eumorfopoulos,2013GH9671,ca. 1900,Great Britain,[],THES49619,In store,storage,VA,False,"Watts, George Frederick (OM, RA)",maker,"https://framemark.vam.ac.uk/collections/2013GH9671/full/!100,100/0/default.jpg",https://framemark.vam.ac.uk/collections/2013GH9671/,https://iiif.vam.ac.uk/collections/O238384/manifest.json,high
O62726,S.632-2001,Painting,"Sedov and Zoubarov about to perform their comedic balloon aerialist act with the Moscow State Circus, UK tour, 1998-2000",2010EJ6942,1999,Great Britain,[],THES49576,In store,storage,BH,False,"Grierson, Mary Hardy",artist,"https://framemark.vam.ac.uk/collections/2010EJ6942/full/!100,100/0/default.jpg",https://framemark.vam.ac.uk/collections/2010EJ6942/,,low
O224636,E.249-2008,Painting,Untitled,2012FL4412,1978,United Kingdom,[],THES49773,"Prints & Drawings Study Room, room 514a",display,VA,True,"Brown, Paul",artist,"https://framemark.vam.ac.uk/collections/2012FL4412/full/!100,100/0/default.jpg",https://framemark.vam.ac.uk/collections/2012FL4412/,https://iiif.vam.ac.uk/collections/O224636/manifest.json,high
O1311954,B.118-2014,Painting,Notting Hill Adventure Playground,2015HR2760,1964,London,[],THES49689,In Store,storage,VA,False,Maurice Ben Rose,painter,"https://framemark.vam.ac.uk/collections/2015HR2760/full/!100,100/0/default.jpg",https://framemark.vam.ac.uk/collections/2015HR2760/,,low
O1312744,"B.642:1,2-2016",Painting,In the Dock,2017JY4756,1877,England,[],THES49569,In store,storage,VA,False,"Hunt, Charles",artist,"https://framemark.vam.ac.uk/collections/2017JY4756/full/!100,100/0/default.jpg",https://framemark.vam.ac.uk/collections/2017JY4756/,https://iiif.vam.ac.uk/collections/O1312744/manifest.json,high
O1311955,B.119-2014,painting,Bandley Hill Adventure Playground,2015HR2759,1968 - 1969,Stevenage,[],THES49569,In store,storage,VA,False,Donne Buck,painter,"https://framemark.vam.ac.uk/collections/2015HR2759/full/!100,100/0/default.jpg",https://framemark.vam.ac.uk/collections/2015HR2759/,,low
O170992,B.61-2005,Painting,Boys Playing at Peg-top,2010ED1079,ca. 1800,England,[],THES49152,In store,storage,MOC,False,"Paye, Richard Morton",artist,"https://framemark.vam.ac.uk/collections/2010ED1079/full/!100,100/0/default.jpg",https://framemark.vam.ac.uk/collections/2010ED1079/,https://iiif.vam.ac.uk/collections/O170992/manifest.json,high
O126237,IS.57-2006,Painting,Topi Wallah 2,2013GN7167,2006,Pakistan,[],THES49620,In store,storage,VA,False,"Kazim, Ali",artist,"https://framemark.vam.ac.uk/collections/2013GN7167/full/!100,100/0/default.jpg",https://framemark.vam.ac.uk/collections/2013GN7167/,,low
O126234,IS.56-2006,Painting,Gul-e-lalah,2013GN4894,2004,Pakistan,[],THES49620,In store,storage,VA,False,"Khalid, Aisha",artist,"https://framemark.vam.ac.uk/collections/2013GN4894/full/!100,100/0/default.jpg",https://framemark.vam.ac.uk/collections/2013GN4894/,,low
O1312743,"B.643:1,2-2016",Painting,Motherhood,2017JY4759,1918,England,[],THES252785,In store,storage,MOC,False,"Harvey, Hilda Mary",artist,"https://framemark.vam.ac.uk/collections/2017JY4759/full/!100,100/0/default.jpg",https://framemark.vam.ac.uk/collections/2017JY4759/,,low
O239602,E.993:1-2008,Painting,,2009BX6017,1991,United States,[],THES49657,"Prints & Drawings Study Room, level E",display,VA,True,"Zammit, Norman",artist,"https://framemark.vam.ac.uk/collections/2009BX6017/full/!100,100/0/default.jpg",https://framemark.vam.ac.uk/collections/2009BX6017/,,low
O1264114,S.1807-2013,Painting,,2013GT0509,1812,Great Britain,[],THES49576,In store,storage,BH,False,George Shepherd,artist,"https://framemark.vam.ac.uk/collections/2013GT0509/full/!100,100/0/default.jpg",https://framemark.vam.ac.uk/collections/2013GT0509/,https://iiif.vam.ac.uk/collections/O1264114/manifest.json,high
O1261682,FE.5-2013,Painting,Winter,2015HK5214,1963,South Korea,[],THES49619,In store,storage,VA,False,Yi Sang-Beom,artist,"https://framemark.vam.ac.uk/collections/2015HK5214/full/!100,100/0/default.jpg",https://framemark.vam.ac.uk/collections/2015HK5214/,https://iiif.vam.ac.uk/collections/O1261682/manifest.json,high
O62725,S.631-2001,Painting,"Chocolate & Company, The Rastelli Clowns, appearing as a speciality act in the pantomime Robinson Crusoe, Bristol Hippodrome, 1969.",2014GX5110,2001,Bristol,[],THES49576,In store,storage,BH,False,"Grierson, Mary Hardy",maker,"https://framemark.vam.ac.uk/collections/2014GX5110/full/!100,100/0/default.jpg",https://framemark.vam.ac.uk/collections/2014GX5110/,https://iiif.vam.ac.uk/collections/O62725/manifest.json,high
O62649,S.630-2001,Painting,"The Rastelli Clowns Rehearsing at Wembley Ice Rink, ca.1965",2010EJ6939,2001,London,[],THES49576,In store,storage,BH,False,"Grierson, Mary Hardy",painter,"https://framemark.vam.ac.uk/collections/2010EJ6939/full/!100,100/0/default.jpg",https://framemark.vam.ac.uk/collections/2010EJ6939/,,low
O128398,S.501-2006,Painting,The Downfall of Shakespeare Represented on a Modern Stage,2006BK8410,1763-65,Great Britain,[],THES49646,In store,storage,VA,False,"Dawes, William",artist,"https://framemark.vam.ac.uk/collections/2006BK8410/full/!100,100/0/default.jpg",https://framemark.vam.ac.uk/collections/2006BK8410/,https://iiif.vam.ac.uk/collections/O128398/manifest.json,high
O108796,IS.3-2005,Painting,Regime Change,2013GN4855,2004,USA,[],THES49620,In store,storage,VA,False,"Wasim, Saira",maker,"https://framemark.vam.ac.uk/collections/2013GN4855/full/!100,100/0/default.jpg",https://framemark.vam.ac.uk/collections/2013GN4855/,,low
O1188661,FE.16-2010,Painting,Female train attendant with a trolley,2012FJ6695,1989,North Korea,[],THES49619,In store,storage,VA,False,Chong-Ch'ŏl Yi,painter,"https://framemark.vam.ac.uk/collections/2012FJ6695/full/!100,100/0/default.jpg",https://framemark.vam.ac.uk/collections/2012FJ6695/,,low
O1188660,FE.17-2010,Painting,Ladies making kimchi (pickled cabbage condiment),2012FJ6696,05/04/2009,North Korea,[],THES49619,In store,storage,VA,False,Ko Chŏng-Sam,painted,"https://framemark.vam.ac.uk/collections/2012FJ6696/full/!100,100/0/default.jpg",https://framemark.vam.ac.uk/collections/2012FJ6696/,,low
O1188659,FE.18-2010,Painting,Nakdonggang Grandfather,2012FJ6879,1981,North Korea,[],THES49619,In store,storage,VA,False,Yi Ch'ang,painter,"https://framemark.vam.ac.uk/collections/2012FJ6879/full/!100,100/0/default.jpg",https://framemark.vam.ac.uk/collections/2012FJ6879/,,low
O1188658,FE.19-2010,Painting,Namgang Village Women,2012FJ6697,1984,North Korea,[],THES49619,In store,storage,VA,False,Kim Ui-gwan,painted,"https://framemark.vam.ac.uk/collections/2012FJ6697/full/!100,100/0/default.jpg",https://framemark.vam.ac.uk/collections/2012FJ6697/,,low
O1136400,FE.94-2009,Painting,"Mount Paektu at sunrise, Paektusanjǒng ui haedoji (백두산정의 해돗이)",2009CR1639,2006,North Korea,[],THES49619,In store,storage,VA,False,Sǒn U Yǒng,artist,"https://framemark.vam.ac.uk/collections/2009CR1639/full/!100,100/0/default.jpg",https://framemark.vam.ac.uk/collections/2009CR1639/,,low
O1136393,FE.96-2009,Painting,Full Moon / Porum tal (보름달),2009CR1646,2007,North Korea,[],THES49619,In store,storage,VA,False,"Ri, Hwa Sik",artist,"https://framemark.vam.ac.uk/collections/2009CR1646/full/!100,100/0/default.jpg",https://framemark.vam.ac.uk/collections/2009CR1646/,,low
O1136389,FE.97-2009,Painting,"Farm in Spring, Mokchang ui pom (목장의 봄)",2009CR1632,2008,North Korea,[],THES49619,In store,storage,VA,False,"Sin, Ung-chan",artist,"https://framemark.vam.ac.uk/collections/2009CR1632/full/!100,100/0/default.jpg",https://framemark.vam.ac.uk/collections/2009CR1632/,,low
O1136379,FE.93-2009,Painting,Mount Paektu and Heaven Lake,2009CR1631,February 2008,Korea,[],THES49203,In store,storage,VA,False,"Ri, Sang Mun",artist,"https://framemark.vam.ac.uk/collections/2009CR1631/full/!100,100/0/default.jpg",https://framemark.vam.ac.uk/collections/2009CR1631/,,low
O1136373,FE.89-2009,Painting,Uri chungdae sosik,2009CR1643,2005,North Korea,[],THES49203,In store,storage,VA,False,"Ri, Ch'ol Muk",artist,"https://framemark.vam.ac.uk/collections/2009CR1643/full/!100,100/0/default.jpg",https://framemark.vam.ac.uk/collections/2009CR1643/,,low
O1136372,FE.90-2009,Painting,Ch'ukcheoneul aptugo (축전을 앞두고),2009CR1645,2007,Korea,[],THES49203,In store,storage,VA,False,"Rim, Hyong Sik",artist,"https://framemark.vam.ac.uk/collections/2009CR1645/full/!100,100/0/default.jpg",https://framemark.vam.ac.uk/collections/2009CR1645/,,low
O1259031,S.1604-2012,Painting,,2017KK1994,early to mid 20th century,Sicily,[],THES49576,In store,storage,BH,False,Ursula Tyrwhitt,artist,"https://framemark.vam.ac.uk/collections/2017KK1994/full/!100,100/0/default.jpg",https://framemark.vam.ac.uk/collections/2017KK1994/,,low
O1305073,S.815-2019,painting,Oil painted study of an unidentified theatrical scene in Egypt,2018LA2413,early 20th century,London,[],THES49576,In store,storage,BH,False,"Matania, Fortunino",artist,"https://framemark.vam.ac.uk/collections/2018LA2413/full/!100,100/0/default.jpg",https://framemark.vam.ac.uk/collections/2018LA2413/,,low
O1301276,S.1680-2014,Painting,Giuditta Pasta,2014HG2857,ca.1831,Europe,[],THES49085,,,,False,"Gauci, Maxim",painted,"https://framemark.vam.ac.uk/collections/2014HG2857/full/!100,100/0/default.jpg",https://framemark.vam.ac.uk/collections/2014HG2857/,https://iiif.vam.ac.uk/collections/O1301276/manifest.json,high
O83208,E.1428-2001,Painting,I Was Lord Kitchener's Valet,2006AY8522,1964,London,[],THES50166,,,,False,"Hartnet, Pat",painter,"https://framemark.vam.ac.uk/collections/2006AY8522/full/!100,100/0/default.jpg",https://framemark.vam.ac.uk/collections/2006AY8522/,,low
O1333977,IS.68-2016,Painting,,,,,[],THES49797,,,,False,,,,,,
O1534291,FE.36-2020,painting,,,,,[],THES49632,,,,False,,,,,,
O101758,S.47-2003,Painting,Nigel Playfair,2014GX2945,early 20th century,Great Britain,[],THES49576,In store,storage,BH,False,"Thomas, Bert",painter,"https://framemark.vam.ac.uk/collections/2014GX2945/full/!100,100/0/default.jpg",https://framemark.vam.ac.uk/collections/2014GX2945/,,low
O1376224,WE.166-2014,Painting,,2017JR7215,,,[],THES264739,,,,False,,,"https://framemark.vam.ac.uk/collections/2017JR7215/full/!100,100/0/default.jpg",https://framemark.vam.ac.uk/collections/2017JR7215/,,low
O1177285,B.155-2010,Painting,,,1701-1800,Germany,[],THES49646,,,,False,Unknown,,,,,
O1177241,B.154-2010,Painting,Our Boys,,ca. 1880,United Kingdom,[],THES49646,,,,False,Unknown,,,,,
O1564377,LOAN:PDP ANON.1-2021,Painting,Portrait of Queen Victoria,,c. 1857-61,,[],THES49921,,,,False,"Winterhalter, Franz Xaver",after,,,,
O1376262,WE.204-2014,Painting,,2017JR7260,,,[],THES264739,,,,False,,,"https://framemark.vam.ac.uk/collections/2017JR7260/full/!100,100/0/default.jpg",https://framemark.vam.ac.uk/collections/2017JR7260/,,low
O1376207,WE.149-2014,Painting,,2017JR7193,,,[],THES264739,,,,False,,,"https://framemark.vam.ac.uk/collections/2017JR7193/full/!100,100/0/default.jpg",https://framemark.vam.ac.uk/collections/2017JR7193/,,low
O1376301,WE.243-2014,Painting,,2017JR7300,,,[],THES264739,,,,False,,,"https://framemark.vam.ac.uk/collections/2017JR7300/full/!100,100/0/default.jpg",https://framemark.vam.ac.uk/collections/2017JR7300/,,low
O113201,E.3791:1 to 4-2004,Painting,Get Outta That House!,,2000,,[],THES49786,,,,False,"Aptekar, Ken",artist,,,,
O1335069,WE.10011-2014,painting,Wedgwood Family Portrait,2019MF7540,1780,,[],THES264736,,,,False,"Stubbs, George A.R.A.",artist,"https://framemark.vam.ac.uk/collections/2019MF7540/full/!100,100/0/default.jpg",https://framemark.vam.ac.uk/collections/2019MF7540/,,low
O1376209,WE.151-2014,Painting,,2019MC4411,,,[],THES264739,,,,False,,,"https://framemark.vam.ac.uk/collections/2019MC4411/full/!100,100/0/default.jpg",https://framemark.vam.ac.uk/collections/2019MC4411/,,low
O1376210,WE.152-2014,Painting,,2019MC4412,,,[],THES264739,,,,False,,,"https://framemark.vam.ac.uk/collections/2019MC4412/full/!100,100/0/default.jpg",https://framemark.vam.ac.uk/collections/2019MC4412/,,low
O1376201,WE.143-2014,Painting,,2019MC4410,,,[],THES264739,,,,False,,,"https://framemark.vam.ac.uk/collections/2019MC4410/full/!100,100/0/default.jpg",https://framemark.vam.ac.uk/collections/2019MC4410/,,low
O1376339,WE.281-2014,Painting,,2017JR7043,,,[],THES264739,,,,False,,,"https://framemark.vam.ac.uk/collections/2017JR7043/full/!100,100/0/default.jpg",https://framemark.vam.ac.uk/collections/2017JR7043/,,low
O1376159,WE.101-2014,painting,,2017JR7319,1891,,[],THES264739,,,,False,,,"https://framemark.vam.ac.uk/collections/2017JR7319/full/!100,100/0/default.jpg",https://framemark.vam.ac.uk/collections/2017JR7319/,,low
O1401946,WE.717-2014,Painting,,2017KA6368,,,[],THES264739,,,,False,,,"https://framemark.vam.ac.uk/collections/2017KA6368/full/!100,100/0/default.jpg",https://framemark.vam.ac.uk/collections/2017KA6368/,,low
O1401996,WE.765-2014,Painting,,2017KA9922,,,[],THES264739,,,,False,,,"https://framemark.vam.ac.uk/collections/2017KA9922/full/!100,100/0/default.jpg",https://framemark.vam.ac.uk/collections/2017KA9922/,,low
O1376192,WE.134-2014,Painting,America the Beautiful,2017JR7176,1976,,[],THES264739,,,,False,Alan Price,,"https://framemark.vam.ac.uk/collections/2017JR7176/full/!100,100/0/default.jpg",https://framemark.vam.ac.uk/collections/2017JR7176/,,low
O1376189,WE.131-2014,Painting,America the Beautiful,2017JR7349,1976,,[],THES264739,,,,False,Alan Price,,"https://framemark.vam.ac.uk/collections/2017JR7349/full/!100,100/0/default.jpg",https://framemark.vam.ac.uk/collections/2017JR7349/,,low
O1376419,WE.361-2014,painting,,2017JR7388,,,[],THES264739,,,,False,,,"https://framemark.vam.ac.uk/collections/2017JR7388/full/!100,100/0/default.jpg",https://framemark.vam.ac.uk/collections/2017JR7388/,,low
O1376187,WE.129-2014,Painting,America the Beautiful,2017JR7347,1976,,[],THES264739,,,,False,Alan Price,,"https://framemark.vam.ac.uk/collections/2017JR7347/full/!100,100/0/default.jpg",https://framemark.vam.ac.uk/collections/2017JR7347/,,low
O1376297,WE.239-2014,Painting,,2017JR7296,,,[],THES264739,,,,False,,,"https://framemark.vam.ac.uk/collections/2017JR7296/full/!100,100/0/default.jpg",https://framemark.vam.ac.uk/collections/2017JR7296/,,low
O1376191,WE.133-2014,Painting,America the Beautiful,2017JR7175,1976,,[],THES264739,,,,False,Alan Price,,"https://framemark.vam.ac.uk/collections/2017JR7175/full/!100,100/0/default.jpg",https://framemark.vam.ac.uk/collections/2017JR7175/,,low
O1376123,WE.65-2014,Painting,,2017JT8584,,,[],THES264739,,,,False,,,"https://framemark.vam.ac.uk/collections/2017JT8584/full/!100,100/0/default.jpg",https://framemark.vam.ac.uk/collections/2017JT8584/,,low
O1376422,WE.364-2014,Painting,,2017JR7392,,,[],THES264739,,,,False,,,"https://framemark.vam.ac.uk/collections/2017JR7392/full/!100,100/0/default.jpg",https://framemark.vam.ac.uk/collections/2017JR7392/,,low
O1376188,WE.130-2014,Painting,America the Beautiful,2017JR7348,1976,,[],THES264739,,,,False,Alan Price,,"https://framemark.vam.ac.uk/collections/2017JR7348/full/!100,100/0/default.jpg",https://framemark.vam.ac.uk/collections/2017JR7348/,,low
O1376190,WE.132-2014,Painting,America the Beautiful,2017JR7350,1976,,[],THES264739,,,,False,Alan Price,,"https://framemark.vam.ac.uk/collections/2017JR7350/full/!100,100/0/default.jpg",https://framemark.vam.ac.uk/collections/2017JR7350/,,low
O1376421,WE.363-2014,Painting,,,,,[],THES264739,,,,False,,,,,,
O108406,S.136-2004,Oil painting,Tito Gobbi (1908-1984) as Scarpia in Puccini's 'Tosca'. Painting by Leonard Boden (1911-1999),2017KE2740,ca.1955,Great Britain,[],THES49576,In store,storage,BH,False,"Boden, Leonard",painter,"https://framemark.vam.ac.uk/collections/2017KE2740/full/!100,100/0/default.jpg",https://framemark.vam.ac.uk/collections/2017KE2740/,,low
O1244572,LOAN:COURTAULD.1-2009,oil painting,Saint Catherine of Bologna with 3 donors,,ca. 1470 - ca. 1480,Bruges,[],THES49739," Medieval & Renaissance, Room 62, The Foyle Foundation Gallery",Display,VA,True,Master of the Baroncelli Portraits,artist,,,,
O136216,E.413-2007,Oil painting,The Menai Strait,2007BP0711,1846,Wales,[],THES50166,In store,storage,BH,False,"Pyne, James Baker",painter (artist),"https://framemark.vam.ac.uk/collections/2007BP0711/full/!100,100/0/default.jpg",https://framemark.vam.ac.uk/collections/2007BP0711/,https://iiif.vam.ac.uk/collections/O136216/manifest.json,high
O1331422,FE.66-2016,Ink painting,Bird and Foliage painting ,2016JH3756,1991,North Korea,[],THES49632,In store,storage,VA,False,"Han, Kyung Bo 한경보",painter,"https://framemark.vam.ac.uk/collections/2016JH3756/full/!100,100/0/default.jpg",https://framemark.vam.ac.uk/collections/2016JH3756/,,low
O1277322,LOAN:ROYALARMOUR.13:1-2013,Oil painting,,2015HK1914,,,[],THES49739," Medieval & Renaissance, Room 62, The Foyle Foundation Gallery",Display,VA,True,,,"https://framemark.vam.ac.uk/collections/2015HK1914/full/!100,100/0/default.jpg",https://framemark.vam.ac.uk/collections/2015HK1914/,,low
O1389779,FE.72-2017,Scroll Painting,Deer Under the Cypress,,1935,Britain,[],THES49632,In store,storage,VA,False,Chiang Yee,artist,,,,
O1328596,E.660-2016,Oil Painting,View of the East Hall of the V&A,,ca.1919,Victoria & Albert Museum,[],THES49171,"Prints & Drawings Study Room, level C",display,VA,True,Frank Owen Salisbury,artist,,,,
O1345586,B.1-2016,Oil painting,Portrait of Charles Bedford as an infant,2016JH1040,1744-1745,England,[],THES50200,In store,storage,MOC,False,"Hayman, Francis RA",artist,"https://framemark.vam.ac.uk/collections/2016JH1040/full/!100,100/0/default.jpg",https://framemark.vam.ac.uk/collections/2016JH1040/,https://iiif.vam.ac.uk/collections/O1345586/manifest.json,high
O1396894,FE.70-2017,Scroll Painting,Peaceful Spring,,2016,China,[],THES49802,"China, Room 44, The T.T. Tsui Gallery",Display,VA,True,Yu Jigao,artist,,,,
O109500,S.137-2004,Oil painting,Oscar Asche as Abu Hasan in 'Chu Chin Chow',2007BP3954,ca. 1916-1921,Great Britain,[],THES49576,In store,storage,BH,False,Unknown,,"https://framemark.vam.ac.uk/collections/2007BP3954/full/!100,100/0/default.jpg",https://framemark.vam.ac.uk/collections/2007BP3954/,,low
O1135992,E.285-2009,Oil painting,"A portrait of the Vigor Family: Jane Vigor, Joseph Vigor, Ann Vigor, William Vigor and probably John Penn",2010EL6015,1744,England,[],THES49246,"British Galleries, Room 54",Display,VA,True,"Highmore, Joseph",painter,"https://framemark.vam.ac.uk/collections/2010EL6015/full/!100,100/0/default.jpg",https://framemark.vam.ac.uk/collections/2010EL6015/,https://iiif.vam.ac.uk/collections/O1135992/manifest.json,high
O120211,IS.57-2005,Scroll painting,The Osama scroll,2006AX9697,2004,West Bengal,[],THES49620,In store,storage,VA,False,Madhu Chitrakar,maker,"https://framemark.vam.ac.uk/collections/2006AX9697/full/!100,100/0/default.jpg",https://framemark.vam.ac.uk/collections/2006AX9697/,,low
O101465,E.459-2003,Oil painting,An Elderly woman,2007BP0816,ca. 1860-1927,Great Britain,[],THES49654,"Prints & Drawings Study Room, level H",display,VA,True,"Fildes, Luke (Sir, KB, KCVO, RA)",artist,"https://framemark.vam.ac.uk/collections/2007BP0816/full/!100,100/0/default.jpg",https://framemark.vam.ac.uk/collections/2007BP0816/,https://iiif.vam.ac.uk/collections/O101465/manifest.json,high
O138047,IS.159-2007,Oil painting,Nanak: Journeys,2007BP2404,2006,New Delhi,[],THES49620,In store,storage,VA,False,"Caur, Arpana",artist,"https://framemark.vam.ac.uk/collections/2007BP2404/full/!100,100/0/default.jpg",https://framemark.vam.ac.uk/collections/2007BP2404/,https://iiif.vam.ac.uk/collections/O138047/manifest.json,high
O1293882,AR.4:376-2006,oil painting,,2014HB4082,circa 1910,Great Britain,[],THES250891,In store,storage,BH,False,Bertram Potter,artist,"https://framemark.vam.ac.uk/collections/2014HB4082/full/!100,100/0/default.jpg",https://framemark.vam.ac.uk/collections/2014HB4082/,https://iiif.vam.ac.uk/collections/O1293882/manifest.json,high
O1154063,LOAN:TATE.174-2010,Oil painting,Family Group in a Landcape,,18th century,Great Britain,[],THES49256,"British Galleries, Room 53",Display,VA,True,Unknown,,,,,
O64477,E.1352-2001,Oil painting,English Tourists at the Louvre,2006AG9262,ca. 1860,Paris,[],THES50166,In store,storage,BH,False,"Linder, Philippe Jacques",painter,"https://framemark.vam.ac.uk/collections/2006AG9262/full/!100,100/0/default.jpg",https://framemark.vam.ac.uk/collections/2006AG9262/,https://iiif.vam.ac.uk/collections/O64477/manifest.json,high
O64238,S.123-2002,Oil painting,Family Voices: Figures Looking out to Sea,2017KC8051,1980,Great Britain,[],THES49576,In store,storage,BH,False,"Vaesen, Guy",painter,"https://framemark.vam.ac.uk/collections/2017KC8051/full/!100,100/0/default.jpg",https://framemark.vam.ac.uk/collections/2017KC8051/,,low
O64236,S.122-2002,Oil painting,Family Voices: Figures Looking out to Sea,2017KC8049,1980,Great Britain,[],THES49576,In store,storage,BH,False,"Vaesen, Guy",painter,"https://framemark.vam.ac.uk/collections/2017KC8049/full/!100,100/0/default.jpg",https://framemark.vam.ac.uk/collections/2017KC8049/,,low
O64234,S.124-2002,Oil painting,'A Kind of Alaska': Deborah,2017KE2738,ca.1982,Great Britain,[],THES49576,In store,storage,BH,False,"Vaesen, Guy",painter,"https://framemark.vam.ac.uk/collections/2017KE2738/full/!100,100/0/default.jpg",https://framemark.vam.ac.uk/collections/2017KE2738/,,low
O130907,E.373-2006,Tempera painting,The Magnanimity of Alexander the Great,2007BM2885,1493-1494,Siena,[],THES50076,"On display at Longleat House, Wiltshire ",display,UK,True,"Ghirlandaio, Davide",painter,"https://framemark.vam.ac.uk/collections/2007BM2885/full/!100,100/0/default.jpg",https://framemark.vam.ac.uk/collections/2007BM2885/,https://iiif.vam.ac.uk/collections/O130907/manifest.json,high
O130903,E.372-2006,Tempera painting,Julius Caesar and the Crossing of the Rubicon,2007BM2917,1493-1494,Siena,[],THES50076,"On display at Longleat House, Wiltshire ",display,UK,True,"Granacci, Francesco",,"https://framemark.vam.ac.uk/collections/2007BM2917/full/!100,100/0/default.jpg",https://framemark.vam.ac.uk/collections/2007BM2917/,https://iiif.vam.ac.uk/collections/O130903/manifest.json,high
O392271,IS.58-2005,Scroll painting,Chandi Mangal,2014HC2556,ca. 1985,West Bengal,[],THES49620,In store,storage,VA,False,Ajit Chitrakar,maker,"https://framemark.vam.ac.uk/collections/2014HC2556/full/!100,100/0/default.jpg",https://framemark.vam.ac.uk/collections/2014HC2556/,,low
O63543,E.1406-2001,Oil painting,Nelson Dawson,2007BP3942,1892,Chelsea,[],THES50166,In store,storage,BH,False,"Cooke, J.",artist,"https://framemark.vam.ac.uk/collections/2007BP3942/full/!100,100/0/default.jpg",https://framemark.vam.ac.uk/collections/2007BP3942/,https://iiif.vam.ac.uk/collections/O63543/manifest.json,high
O1425178,E.542-2018,Oil painting,The School of Athens (after Raphael),,ca.1865,Royal College of Art,[],THES49786,"Prints & Drawings Study Room, room 503",Display,VA,True,"Moody, Francis Wollaston",,,,,
O135289,E.2699-2016,Oil painting,A Capriccio with a tower in a landscape,2007BN5724,late 17th century to early 18th century,Netherlands,[],THES50166,In store,storage,BH,False,unknown,,"https://framemark.vam.ac.uk/collections/2007BN5724/full/!100,100/0/default.jpg",https://framemark.vam.ac.uk/collections/2007BN5724/,https://iiif.vam.ac.uk/collections/O135289/manifest.json,high
O1240865,E.675-2011,Oil painting,"Portrait Master Silk Weaver, possibly of James Leman",2011FC5286,1720-1725,London,[],THES49535,"Prints & Drawings Study Room, room 315",storage,VA,False,Michael Dahl,attributed to,"https://framemark.vam.ac.uk/collections/2011FC5286/full/!100,100/0/default.jpg",https://framemark.vam.ac.uk/collections/2011FC5286/,https://iiif.vam.ac.uk/collections/O1240865/manifest.json,high
O110771,IS.6-2005,Scroll painting,,,20th century,West Bengal,[],THES49352,In store,storage,BH,False,Unknown,,,,,
O110770,IS.5-2005,Scroll painting,,,20th century,West Bengal,[],THES49352,In store,storage,BH,False,Unknown,,,,,
O110769,IS.4-2005,Scroll painting,,,20th century,West Bengal,[],THES49352,In store,storage,BH,False,Unknown,,,,,
O123759,E.707-2005,Tempera painting,The Bower of Roses,,mid 19th century,Great Britain,[],THES49603,"Prints & Drawings Study Room, room WS",display,VA,True,"Warren, Henry",artist,,,,
O128644,S.503-2006,Oil painting,'Macbeth' at Covent Garden,2007BP2122,1760s,Great Britain,[],THES49576,In store,storage,BH,False,Unknown,,"https://framemark.vam.ac.uk/collections/2007BP2122/full/!100,100/0/default.jpg",https://framemark.vam.ac.uk/collections/2007BP2122/,https://iiif.vam.ac.uk/collections/O128644/manifest.json,high
O128518,S.502-2006,Oil painting,"Theatre Royal, Drury Lane",2007BP2123,ca.1775,Great Britain,[],THES49646,In store,storage,VA,False,Unknown,,"https://framemark.vam.ac.uk/collections/2007BP2123/full/!100,100/0/default.jpg",https://framemark.vam.ac.uk/collections/2007BP2123/,https://iiif.vam.ac.uk/collections/O128518/manifest.json,high
O135754,LOAN:MAIDSTONE.1-2001,Oil painting,Classical ruins with soldiers,2006AL5289,1720s,Italy,[],THES49245,"British Galleries, Room 54, Henrietta Street Room",Display,VA,True,"Panini, Giovanni Paolo",style of,"https://framemark.vam.ac.uk/collections/2006AL5289/full/!100,100/0/default.jpg",https://framemark.vam.ac.uk/collections/2006AL5289/,https://iiif.vam.ac.uk/collections/O135754/manifest.json,high
O64119,E.1463-2001,Oil painting,Untitled Wound,2007BP2399,1990-1991,London,[],THES49656,"Prints & Drawings Study Room, level F",display,VA,True,"Clark, Michael",artist,"https://framemark.vam.ac.uk/collections/2007BP2399/full/!100,100/0/default.jpg",https://framemark.vam.ac.uk/collections/2007BP2399/,,low
O1244650,LOAN:NATIONAL GALLERY.426-2009,oil painting,"Anna van Spangen, wife of Adriaen van der Goes",,1543,Netherlands,[],THES49735,"Medieval & Renaissance, Room 64, The Wolfson Gallery",Display,VA,True,,,,,,
O1244642,LOAN:NATIONAL GALLERY.425-2009,oil painting,The Sultan Mehmet II,,25/11/1480,,[],THES49737,"Medieval & Renaissance, Room 63, The Edwin and Susan Davies Gallery",display,VA,True,Gentile Bellini,,,,,
O1244636,LOAN:NATIONAL GALLERY.424-2009,oil painting,Marco Barbarigo,,1149 - 1450,London,[],THES49737,"Medieval & Renaissance, Room 63, The Edwin and Susan Davies Gallery",display,VA,True,,,,,,
O1241603,IS.54-2011,Kalighat painting,Oh Kolkata,2013GN4157,2008,West Bengal,[],THES49620,In store,storage,VA,False,Kalam Patua,artist,"https://framemark.vam.ac.uk/collections/2013GN4157/full/!100,100/0/default.jpg",https://framemark.vam.ac.uk/collections/2013GN4157/,https://iiif.vam.ac.uk/collections/O1241603/manifest.json,high
O1241590,IS.53-2011,Kalighat painting,Abhisarika,2013GN4156,2009,West Bengal,[],THES49192,In store,storage,VA,False,Kalam Patua,artist,"https://framemark.vam.ac.uk/collections/2013GN4156/full/!100,100/0/default.jpg",https://framemark.vam.ac.uk/collections/2013GN4156/,https://iiif.vam.ac.uk/collections/O1241590/manifest.json,high
O1241584,IS.52-2011,Kalighat painting,Sneaking into the mirror,2013GN4155,2009,West Bengal,[],THES49620,In store,storage,VA,False,Kalam Patua,artist,"https://framemark.vam.ac.uk/collections/2013GN4155/full/!100,100/0/default.jpg",https://framemark.vam.ac.uk/collections/2013GN4155/,https://iiif.vam.ac.uk/collections/O1241584/manifest.json,high
O1241583,IS.51-2011,Kalighat painting,Bharat Mata,2013GN4141,2007,West Bengal,[],THES49620,In store,storage,VA,False,Kalam Patua,artist,"https://framemark.vam.ac.uk/collections/2013GN4141/full/!100,100/0/default.jpg",https://framemark.vam.ac.uk/collections/2013GN4141/,https://iiif.vam.ac.uk/collections/O1241583/manifest.json,high
O1241580,IS.50-2011,Kalighat painting,Revisiting Kaliyug,2013GN4154,2004,West Bengal,[],THES49620,In store,storage,VA,False,Kalam Patua,artist,"https://framemark.vam.ac.uk/collections/2013GN4154/full/!100,100/0/default.jpg",https://framemark.vam.ac.uk/collections/2013GN4154/,https://iiif.vam.ac.uk/collections/O1241580/manifest.json,high
O1241572,IS.49-2011,Kalighat painting,The Policeman's bribe,2013GN4158,2010,West Bengal,[],THES49620,In store,storage,VA,False,Anwar Chitrakar,artist,"https://framemark.vam.ac.uk/collections/2013GN4158/full/!100,100/0/default.jpg",https://framemark.vam.ac.uk/collections/2013GN4158/,https://iiif.vam.ac.uk/collections/O1241572/manifest.json,high
O1241570,IS.48-2011,Kalighat Painting,An artist at work,2013GN4149,2008,West Bengal,[],THES49620,In store,storage,VA,False,Anwar Chitrakar,artist,"https://framemark.vam.ac.uk/collections/2013GN4149/full/!100,100/0/default.jpg",https://framemark.vam.ac.uk/collections/2013GN4149/,https://iiif.vam.ac.uk/collections/O1241570/manifest.json,high
O1241569,IS.47-2011,Kalighat Painting,Work in Progress,2013GN4151,2011,West Bengal,[],THES49620,In store,storage,VA,False,Anwar Chitrakar,artist,"https://framemark.vam.ac.uk/collections/2013GN4151/full/!100,100/0/default.jpg",https://framemark.vam.ac.uk/collections/2013GN4151/,https://iiif.vam.ac.uk/collections/O1241569/manifest.json,high
O1241568,IS.46-2011,Kalighat painting,A woman churning milk,2013GN4148,2009,West Bengal,[],THES49620,In store,storage,VA,False,Uttam Chitrakar,artist,"https://framemark.vam.ac.uk/collections/2013GN4148/full/!100,100/0/default.jpg",https://framemark.vam.ac.uk/collections/2013GN4148/,https://iiif.vam.ac.uk/collections/O1241568/manifest.json,high
O1241567,IS.45-2011,Kalighat painting,Durga Mahisashuramardini,2013GN4150,2009,West Bengal,[],THES49620,In store,storage,VA,False,Uttam Chitrakar,artist,"https://framemark.vam.ac.uk/collections/2013GN4150/full/!100,100/0/default.jpg",https://framemark.vam.ac.uk/collections/2013GN4150/,https://iiif.vam.ac.uk/collections/O1241567/manifest.json,high
O1241539,IS.44-2011,Kalighat painting,'Yama the god of death',2013GT2596,2005,West Bengal,[],THES49620,In store,storage,VA,False,Sahajahan Chitrakar,artist,"https://framemark.vam.ac.uk/collections/2013GT2596/full/!100,100/0/default.jpg",https://framemark.vam.ac.uk/collections/2013GT2596/,,low
O1241538,IS.43-2011,Kalighat painting,Kartik,2013GN4153,2000,West Bengal,[],THES49620,In store,storage,VA,False,Ranjit Chitrakar,artist,"https://framemark.vam.ac.uk/collections/2013GN4153/full/!100,100/0/default.jpg",https://framemark.vam.ac.uk/collections/2013GN4153/,https://iiif.vam.ac.uk/collections/O1241538/manifest.json,high
O1241537,IS.42-2011,Kalighat painting,Lakshmi and Saraswati,2013GN4152,1995 - 1998,West Bengal,[],THES49620,In store,storage,VA,False,Ranjit Chitrakar,artist,"https://framemark.vam.ac.uk/collections/2013GN4152/full/!100,100/0/default.jpg",https://framemark.vam.ac.uk/collections/2013GN4152/,https://iiif.vam.ac.uk/collections/O1241537/manifest.json,high
O1241536,IS.41-2011,Kalighat painting,'The false Vaishnav',2013GN4133,1995 - 1998,West Bengal,[],THES49620,In store,storage,VA,False,Ranjit Chitrakar,artist,"https://framemark.vam.ac.uk/collections/2013GN4133/full/!100,100/0/default.jpg",https://framemark.vam.ac.uk/collections/2013GN4133/,https://iiif.vam.ac.uk/collections/O1241536/manifest.json,high
O1241535,IS.40-2011,Kalighat painting,A babu and bibi embracing,2013GN4159,1995 - 1998,West Bengal,[],THES49620,In store,storage,VA,False,Ranjit  Chitrakar,artist,"https://framemark.vam.ac.uk/collections/2013GN4159/full/!100,100/0/default.jpg",https://framemark.vam.ac.uk/collections/2013GN4159/,https://iiif.vam.ac.uk/collections/O1241535/manifest.json,high
O115732,B.49-2004,Oil painting,Susanne and Ilse Gottschalk,2007BP3923,1933,Germany,[],THES49646,In store,storage,VA,False,"Oppenheimer, Joseph (RP (Member, Royal Society of Portrait Painters))",artist,"https://framemark.vam.ac.uk/collections/2007BP3923/full/!100,100/0/default.jpg",https://framemark.vam.ac.uk/collections/2007BP3923/,,low
O499008,E.569-2007,Oil painting,"Architectural capriccio, one of five decorative paintings from the V&A 'Painted Room'",2011FC5288,1986,London,[],THES50166,In store,storage,BH,False,"Dodd, Alan",artist,"https://framemark.vam.ac.uk/collections/2011FC5288/full/!100,100/0/default.jpg",https://framemark.vam.ac.uk/collections/2011FC5288/,,low
O499007,E.568-2007,Oil painting,"Architectural capriccio, one of five decorative paintings from the V&A 'Painted Room'",2011FC5289,1986,London,[],THES50166,In store,storage,BH,False,"Dodd, Alan",artist,"https://framemark.vam.ac.uk/collections/2011FC5289/full/!100,100/0/default.jpg",https://framemark.vam.ac.uk/collections/2011FC5289/,,low
O499006,E.567-2007,Oil painting,"Architectural capriccio, one of five decorative paintings from the V&A 'Painted Room'",2011FC5287,1986,London,[],THES50166,In store,storage,BH,False,"Dodd, Alan",artist,"https://framemark.vam.ac.uk/collections/2011FC5287/full/!100,100/0/default.jpg",https://framemark.vam.ac.uk/collections/2011FC5287/,,low
O499004,E.566-2007,Oil painting,"Architectural capriccio, one of five decorative paintings from the V&A 'Painted Room'",2011FC5290,1986,London,[],THES50166,In store,storage,BH,False,"Dodd, Alan",artist,"https://framemark.vam.ac.uk/collections/2011FC5290/full/!100,100/0/default.jpg",https://framemark.vam.ac.uk/collections/2011FC5290/,,low
O499003,E.565-2007,Oil painting,"Architectural capriccio, one of five decorative paintings from the V&A 'Painted Room'",2011FC5291,1986,London,[],THES50166,In store,storage,BH,False,"Dodd, Alan",artist,"https://framemark.vam.ac.uk/collections/2011FC5291/full/!100,100/0/default.jpg",https://framemark.vam.ac.uk/collections/2011FC5291/,,low
O1295680,LOAN:PDP ANON.1-2014,Oil painting,"Portrait of Frances  Anne Vane, Marchioness of Londonderry",2015HP7803,1831,London,[],THES49921,"Leighton, room 109",Display,VA,True,"Dubois-Drahonet, Alexandre-Jean",artist,"https://framemark.vam.ac.uk/collections/2015HP7803/full/!100,100/0/default.jpg",https://framemark.vam.ac.uk/collections/2015HP7803/,https://iiif.vam.ac.uk/collections/O1295680/manifest.json,high
O1462951,RPS.4980-2018,Miniature painting,A portrait of a man,2019LJ0216,1800-1899,,[],THES49656,"Prints & Drawings Study Room, level F",display,VA,True,,,"https://framemark.vam.ac.uk/collections/2019LJ0216/full/!100,100/0/default.jpg",https://framemark.vam.ac.uk/collections/2019LJ0216/,https://iiif.vam.ac.uk/collections/O1462951/manifest.json,high
O131932,"E.407:1, 2-2005",Oil painting,"Interior of the Parsonage, Horningsham, Wiltshire",2007BM8537,ca. 1840,Wiltshire,[],THES50166,In store,storage,BH,False,"Sergeant, John",artist,"https://framemark.vam.ac.uk/collections/2007BM8537/full/!100,100/0/default.jpg",https://framemark.vam.ac.uk/collections/2007BM8537/,https://iiif.vam.ac.uk/collections/O131932/manifest.json,high
O84113,"E.1062:1, 2-2003",Oil painting,Mrs Luke Ionides (1848-1929),2006AM3755,1882,Great Britain,[],THES49713,"Paintings, Room 81, The Edwin and Susan Davies Galleries",Display,VA,True,"Richmond, William Blake",artist,"https://framemark.vam.ac.uk/collections/2006AM3755/full/!100,100/0/default.jpg",https://framemark.vam.ac.uk/collections/2006AM3755/,https://iiif.vam.ac.uk/collections/O84113/manifest.json,high
O1250720,B.65-2012,Watercolour Painting,,,c. 1925,London,[],THES49689,In Store,storage,VA,False,Keturah Collings,Painter,,,,
O1250681,B.64-2012,Watercolour Painting,,,c. 1920,Worthing,[],THES49689,In Store,storage,VA,False,Walter Gardiner,Painter,,,,
O1250677,B.63-2012,Watercolour Painting,,,c. 1918,London,[],THES49689,In Store,storage,VA,False,K. Collings,,,,,
O1264447,B.164-2013,watercolour painting,The Bridge,,1925,London,[],THES49569,In store,storage,VA,False,Grace Golden,Artist,,,,
O1256170,B.252-2012,Oil painting,,,1905 - 1915,England,[],THES49569,In store,storage,VA,False,Gilbert Acheson Cattley,painter,,,,
O1112279,LOAN:CASTLE.1:469,Painting book,,,,,[],THES49689,In Store,storage,VA,False,,,,,,
O1112278,LOAN:CASTLE.1:470,Painting book,,,,,[],THES49689,In Store,storage,VA,False,,,,,,
O108613,S.2-2005,Oil painting,"Prince Yuga, the Illusionist Manek Shah",2007BN6029,ca. 1940,Great Britain,[],THES49588,,,,False,Unknown,,"https://framemark.vam.ac.uk/collections/2007BN6029/full/!100,100/0/default.jpg",https://framemark.vam.ac.uk/collections/2007BN6029/,,low
O1410047,B.67-2017,oil painting,,,ca. 1840,England,[],THES49646,,,,False,unknown,,,,,
O1483924,E.381-2019,Oil Painting,,,1750,,[],THES49206,,,,False,"Benefial, Marco",Artist,,,,
O1322087,FE.55-2015,Hanging scroll painting,,2015HW8329,,,[],THES49801,"Japan, Room 45, The Toshiba Gallery",Display,VA,True,,,"https://framemark.vam.ac.uk/collections/2015HW8329/full/!100,100/0/default.jpg",https://framemark.vam.ac.uk/collections/2015HW8329/,https://iiif.vam.ac.uk/collections/O1322087/manifest.json,high
O63958,IS.2-2002,Scroll painting (pata),,2006AJ5026,02/2001,Kolkata,[],THES49620,In store,storage,VA,False,"Chitrakar, Gurupada",maker,"https://framemark.vam.ac.uk/collections/2006AJ5026/full/!100,100/0/default.jpg",https://framemark.vam.ac.uk/collections/2006AJ5026/,,low
O63959,IS.3-2002,Scroll painting (pata),,2006AJ6279,02/2001,Kolkata,[],THES49620,In store,storage,VA,False,"Chitrakar, Gurupada",maker,"https://framemark.vam.ac.uk/collections/2006AJ6279/full/!100,100/0/default.jpg",https://framemark.vam.ac.uk/collections/2006AJ6279/,,low
